{"cameraMode":{"drawMode":0,"name":"Shaded","section":"Shading Mode"},"sceneLighting":false,"audioPlay":false,"sceneViewState":{"m_AlwaysRefresh":false,"showFog":true,"showSkybox":false,"showFlares":true,"showImageEffects":true,"showParticleSystems":true,"showVisualEffectGraphs":true,"m_FxEnabled":true},"in2DMode":false,"pivot":{"x":0.3400425910949707,"y":1.8847053050994874,"z":-0.22479867935180665},"rotation":{"x":0.08357417583465576,"y":0.8670409321784973,"z":-0.15533733367919923,"w":0.4660797715187073},"size":7.519571304321289,"orthographic":false}